MLS,sold_price,zipcode,longitude,latitude,lot_acres,taxes,year_built,bedrooms,bathrooms,sqrt_ft,garage,fireplaces,HOA,floor_covering_luxury,floor_covering_standard,kitchen_features_luxury,kitchen_features_standard,price_per_ft,price_per_bed_room,bathrooms_per_bedroom,price_per_ft_category
21523997,550000.0,85745,-110.986033,32.219063,0.05,3957,2011,2,3,1690.0,2.0,1,99.0,0,1,0,1,325.4437869822485,275000.0,1.5,1
21819461,680000.0,85745,-110.986032,32.219062,0.05,4445,2011,2,3,1690.0,2.0,1,99.0,0,1,0,1,402.36686390532543,340000.0,1.5,1
21428822,799000.0,85749,-110.808671,32.264502,60.57,31277,1955,2,2,1774.0,0.0,1,0.0,0,1,0,1,450.3945885005637,399500.0,1.0,1
21433346,900000.0,85749,-110.808671,32.2645,60.57,11357,1955,2,2,1774.0,0.0,1,0.0,0,1,0,1,507.3280721533258,450000.0,1.0,1
21919781,650000.0,85745,-110.986509,32.218458,0.09,3566,2007,2,3,1780.0,0.0,0,99.0,0,1,1,0,365.1685393258427,325000.0,1.5,1
21908254,597500.0,85745,-110.98652,32.218465,0.09,3403,2007,2,3,1780.0,0.0,0,75.0,0,1,0,1,335.6741573033708,298750.0,1.5,1
21208267,650716.0,85658,-111.053085,32.418519,0.37,2171,2012,3,2,2148.0,2.0,2,51.0,0,1,0,1,302.9404096834264,216905.3333333333,0.6666666666666666,1
21829607,630000.0,85658,-111.053104,32.418523,0.37,7337,2012,3,2,2148.0,2.0,2,30.0,0,1,0,1,293.2960893854749,210000.0,0.6666666666666666,1
21807188,545000.0,85750,-110.87353,32.327581,0.21,5322,1988,3,3,2162.0,2.0,1,240.0,0,1,1,0,252.08140610545792,181666.66666666663,1.0,1
21533141,533000.0,85750,-110.87353,32.327573,0.21,4570,1988,3,3,2162.0,2.0,1,219.0,0,1,0,1,246.53098982423683,177666.66666666666,1.0,1
21611691,555000.0,85750,-110.853032,32.32219,0.14,5167,1999,3,3,2191.0,2.0,1,107.0,0,1,0,1,253.30899132816063,185000.0,1.0,1
21706962,550000.0,85750,-110.852023,32.321209,0.14,5180,1996,3,3,2191.0,2.0,1,107.0,0,1,0,1,251.02692834322227,183333.3333333333,1.0,1
21726626,639500.0,85750,-110.852833,32.320211,0.16,5203,1998,3,3,2218.0,2.0,1,107.0,0,1,0,1,288.32281334535617,213166.66666666663,1.0,1
21731314,635000.0,85750,-110.852453,32.321579,0.16,4804,1998,3,3,2218.0,2.0,1,107.0,0,1,0,1,286.29395852119023,211666.66666666663,1.0,1
21903221,637000.0,85750,-110.854665,32.321606,0.16,6030,1999,3,3,2218.0,2.0,1,115.0,1,0,0,1,287.1956717763751,212333.3333333333,1.0,1
21424127,549750.0,85719,-110.954361,32.260253,0.23,3581,2008,3,3,2297.0,2.0,0,0.0,0,1,0,1,239.33391380060948,183250.0,1.0,1
21605007,565000.0,85719,-110.954381,32.26025,0.23,3812,2008,3,3,2297.0,2.0,0,0.0,0,1,0,1,245.9730082716587,188333.3333333333,1.0,1
21204384,552500.0,85750,-110.840136,32.283039,1.61,3792,1985,3,2,2348.0,2.0,1,0.0,1,0,0,1,235.30664395229985,184166.66666666663,0.6666666666666666,1
21921325,579000.0,85750,-110.840128,32.283029,1.61,4298,1994,3,2,2348.0,2.0,1,0.0,0,1,1,0,246.59284497444636,193000.0,0.6666666666666666,1
21626699,650000.0,85718,-110.908545,32.318511,0.17,5520,1992,3,3,2409.0,2.0,2,323.0,0,1,0,1,269.821502698215,216666.66666666663,1.0,1
21212475,565000.0,85718,-110.908554,32.318525,0.17,3850,1992,3,3,2409.0,2.0,2,294.0,0,1,0,1,234.5371523453715,188333.3333333333,1.0,1
21530592,630000.0,85718,-110.910917,32.315607,0.16,5684,2004,3,3,2462.0,2.0,1,159.0,0,1,0,1,255.889520714866,210000.0,1.0,1
21828656,550000.0,85718,-110.910695,32.319105,0.16,6353,2004,3,3,2462.0,2.0,1,157.0,0,1,1,0,223.39561332250204,183333.3333333333,1.0,1
21223424,575000.0,85718,-110.910144,32.319105,0.16,4451,2005,3,3,2462.0,2.0,1,145.0,0,1,0,1,233.54995938261573,191666.66666666663,1.0,1
21532612,565000.0,85739,-110.901619,32.515119,0.27,3289,2006,3,4,2468.0,3.0,1,155.0,0,1,0,1,228.93030794165315,188333.3333333333,1.3333333333333333,1
21327229,598000.0,85739,-110.901633,32.515127,0.27,2974,2006,3,4,2468.0,3.0,1,140.0,0,1,0,1,242.3014586709887,199333.3333333333,1.3333333333333333,1
21331596,623000.0,85658,-111.076801,32.463817,0.48,8372,2003,3,3,2484.0,2.0,3,257.0,1,0,0,1,250.805152979066,207666.66666666663,1.0,1
21223880,556500.0,85658,-111.076821,32.463822,0.48,8534,2003,3,3,2484.0,2.0,3,249.0,1,0,0,1,224.0338164251208,185500.0,1.0,1
21502613,550000.0,85742,-111.020915,32.391457,1.03,4692,2005,4,3,2519.0,3.0,2,56.0,0,1,0,1,218.34061135371175,137500.0,0.75,1
21918778,580000.0,85742,-111.020915,32.391455,1.03,5593,2005,4,3,2519.0,3.0,2,56.0,0,1,0,1,230.25009924573243,145000.0,0.75,1
21730801,950795.0,85719,-110.938701,32.243375,0.2,0,2018,3,3,2580.0,3.0,1,125.0,1,0,1,0,368.5251937984496,316931.6666666667,1.0,1
21730831,900000.0,85719,-110.939027,32.243327,0.2,0,2018,3,3,2580.0,3.0,1,125.0,1,0,1,0,348.8372093023256,300000.0,1.0,1
21519586,615000.0,85716,-110.921889,32.216848,0.6,3988,1967,4,4,2594.0,1.0,1,0.0,0,1,0,1,237.0855821125675,153750.0,1.0,1
21911863,725000.0,85716,-110.92189,32.216851,0.6,4807,1967,4,4,2594.0,1.0,1,0.0,0,1,0,1,279.491133384734,181250.0,1.0,1
21128857,683000.0,85739,-110.85832,32.541542,0.3,4159,2007,2,3,2599.0,3.0,1,140.0,0,1,0,1,262.7933820700269,341500.0,1.5,1
21730461,710000.0,85739,-110.858323,32.541537,0.3,5423,2007,2,3,2599.0,3.0,1,170.0,0,1,0,1,273.1819930742593,355000.0,1.5,1
21507627,565000.0,85750,-110.868461,32.322464,0.57,5038,1999,4,3,2607.0,3.0,1,45.0,0,1,0,1,216.7242040659762,141250.0,0.75,1
21719775,580000.0,85750,-110.868483,32.322485,0.57,6036,1999,4,3,2607.0,3.0,1,40.0,0,1,0,1,222.47794399693132,145000.0,0.75,1
21706979,670000.0,85718,-110.91102,32.314731,0.16,7376,2004,3,3,2628.0,3.0,1,157.0,0,1,0,1,254.94672754946728,223333.3333333333,1.0,1
21303266,630000.0,85718,-110.91102,32.314732,0.16,5397,2004,3,3,2628.0,3.0,1,150.0,0,1,0,1,239.72602739726028,210000.0,1.0,1
21803672,680000.0,85718,-110.917178,32.312064,1.0,5750,1994,4,3,2665.0,3.0,1,195.0,0,1,0,1,255.15947467166976,170000.0,0.75,1
21504022,640000.0,85718,-110.917178,32.312069,1.0,4301,1994,4,3,2665.0,3.0,1,175.0,0,1,0,1,240.1500938086304,160000.0,0.75,1
21814465,534000.0,85739,-110.859829,32.54657,0.29,4184,2006,2,3,2681.0,3.0,1,180.0,0,1,1,0,199.17941066766133,267000.0,1.5,0
21207750,680000.0,85739,-110.86056,32.551038,0.29,3558,2005,2,3,2681.0,3.0,1,129.0,0,1,0,1,253.6367027228646,340000.0,1.5,1
21615181,545000.0,85743,-111.081624,32.317832,3.3,5274,2002,4,3,2691.0,3.0,1,62.0,0,1,0,1,202.52694165737643,136250.0,0.75,0
21901810,580000.0,85743,-111.080411,32.318438,3.3,5688,2002,4,3,2691.0,3.0,1,134.5,0,1,1,0,215.53325901151987,145000.0,0.75,1
21421090,584911.0,85737,-110.964334,32.405701,0.42,2042,2014,4,3,2700.0,3.0,1,75.0,0,1,0,1,216.6337037037037,146227.75,0.75,1
21802829,640000.0,85737,-110.964714,32.405546,0.42,7150,2014,4,3,2700.0,3.0,1,75.0,0,1,0,1,237.03703703703704,160000.0,0.75,1
21324584,560000.0,85658,-111.085176,32.462983,0.22,5389,2005,3,4,2711.0,2.0,3,214.0,0,1,0,1,206.5658428624124,186666.66666666663,1.3333333333333333,0
21730320,625000.0,85658,-111.085176,32.46298,0.22,8231,2005,3,4,2711.0,2.0,3,213.0,0,1,0,1,230.54223533751383,208333.3333333333,1.3333333333333333,1
21802305,609000.0,85658,-111.086252,32.463554,0.23,6307,2003,3,4,2711.0,2.0,4,213.0,1,0,1,0,224.64035411287347,203000.0,1.3333333333333333,1
21900313,610000.0,85658,-111.086241,32.463557,0.23,6424,2003,3,4,2711.0,2.0,4,213.0,1,0,1,0,225.0092216894135,203333.3333333333,1.3333333333333333,1
21316182,575000.0,85718,-110.943617,32.317116,1.29,3788,1975,3,3,2766.0,2.0,2,16.0,1,0,0,1,207.881417208966,191666.66666666663,1.0,0
21529572,610000.0,85718,-110.943617,32.317113,1.29,3642,1975,3,3,2766.0,2.0,2,16.0,1,0,0,1,220.5350686912509,203333.3333333333,1.0,1
21803452,600000.0,85750,-110.851918,32.319831,0.13,5453,1998,3,3,2771.0,2.0,1,107.0,0,1,1,0,216.52832912306027,200000.0,1.0,1
21724258,680000.0,85750,-110.853166,32.32251,0.13,5844,2001,3,3,2771.0,2.0,1,107.0,0,1,0,1,245.39877300613497,226666.66666666663,1.0,1
21410715,700000.0,85645,-111.235496,31.660699,172.76,7501,2000,3,3,2781.0,2.0,3,0.0,0,1,0,1,251.70801869831,233333.3333333333,1.0,1
4114144,700000.0,85645,-111.239157,31.665591,172.76,7501,1978,3,3,2781.0,2.0,3,0.0,0,1,0,1,251.70801869831,233333.3333333333,1.0,1
21804507,615000.0,85739,-110.900235,32.520795,0.19,4352,2004,3,3,2803.0,3.0,1,170.0,0,1,1,0,219.4077773813771,205000.0,1.0,1
21401574,615000.0,85739,-110.896724,32.53208,0.19,4331,2005,3,3,2803.0,3.0,1,148.0,0,1,0,1,219.4077773813771,205000.0,1.0,1
21817482,679000.0,85750,-110.836534,32.322741,0.25,6589,1993,3,2,2811.0,2.0,3,142.0,0,1,0,1,241.5510494485948,226333.3333333333,0.6666666666666666,1
21602756,605000.0,85750,-110.836534,32.32274,0.25,6299,1993,3,2,2811.0,2.0,3,142.0,0,1,0,1,215.2258982568481,201666.66666666663,0.6666666666666666,1
21424787,622000.0,85737,-110.943509,32.402064,0.25,1680,2014,3,3,2823.0,3.0,1,368.0,0,1,0,1,220.332979100248,207333.3333333333,1.0,1
21504649,600000.0,85737,-110.94343,32.401632,0.25,1680,2015,3,3,2823.0,3.0,1,123.0,0,1,0,1,212.53985122210412,200000.0,1.0,1
21617368,642500.0,85719,-110.943157,32.232536,0.24,6833,1948,4,3,2835.0,0.0,1,0.0,0,1,0,1,226.63139329806,160625.0,0.75,1
21911798,742000.0,85719,-110.943156,32.232543,0.24,5509,1948,4,3,2835.0,0.0,1,0.0,0,1,0,1,261.7283950617284,185500.0,0.75,1
21500294,550000.0,85718,-110.904245,32.331511,0.89,4358,1967,3,3,2891.0,2.0,1,0.0,0,1,0,1,190.24558976132823,183333.3333333333,1.0,0
21722071,605000.0,85718,-110.904245,32.331515,0.89,4756,1967,3,3,2891.0,2.0,1,6.0,0,1,0,1,209.27014873746108,201666.66666666663,1.0,0
21730889,672000.0,85716,-110.932176,32.226885,0.23,3685,1931,4,3,2907.0,2.0,2,0.0,0,1,1,0,231.16615067079465,168000.0,0.75,1
21501616,525000.0,85716,-110.932176,32.226886,0.23,3362,1931,4,3,2907.0,2.0,2,0.0,0,1,0,1,180.5985552115583,131250.0,0.75,0
21533483,569000.0,85750,-110.832554,32.298972,0.17,4246,2000,4,3,2954.0,2.0,2,74.0,0,1,0,1,192.6201760324983,142250.0,0.75,0
21406999,557000.0,85750,-110.832565,32.298975,0.17,3915,2000,4,3,2954.0,2.0,2,70.0,0,1,0,1,188.55788761002032,139250.0,0.75,0
4118209,600000.0,85646,-111.027692,31.648332,10.0,2903,1987,4,3,2988.0,2.0,3,0.0,0,1,1,0,200.8032128514056,150000.0,0.75,0
21728491,600000.0,85646,-111.035225,31.649091,10.0,2903,1987,4,3,2988.0,2.0,3,0.0,0,1,0,1,200.8032128514056,150000.0,0.75,0
21412250,520000.0,85718,-110.957508,32.2941,0.2,4718,2004,5,3,2998.0,3.0,1,54.0,0,1,0,1,173.4489659773182,104000.0,0.6,0
21807100,599000.0,85718,-110.957508,32.294103,0.2,5373,2004,5,3,2998.0,3.0,1,57.0,0,1,1,0,199.7998665777185,119800.0,0.6,0
21730799,972877.0,85719,-110.939406,32.243494,0.21,0,2018,3,3,3002.0,2.0,1,125.0,0,1,1,0,324.07628247834776,324292.3333333333,1.0,1
21730830,985368.0,85719,-110.939446,32.243699,0.21,0,2018,3,3,3002.0,2.0,1,125.0,1,0,1,0,328.2371752165223,328456.0,1.0,1
21730798,1007583.0,85719,-110.938306,32.243724,0.21,0,2018,3,3,3002.0,2.0,1,125.0,1,0,1,0,335.6372418387742,335861.0,1.0,1
21624778,775000.0,85718,-110.920469,32.308269,1.01,5389,1998,4,3,3012.0,3.0,1,0.0,0,1,0,1,257.30411686586984,193750.0,0.75,1
21524741,665000.0,85718,-110.920469,32.308266,1.01,4879,1998,4,3,3012.0,3.0,1,0.0,0,1,0,1,220.7835325365206,166250.0,0.75,1
21526200,605000.0,85737,-110.980455,32.388238,0.81,5407,1963,3,3,3023.0,2.0,2,7.0,0,1,0,1,200.13231888852133,201666.66666666663,1.0,0
21806239,689000.0,85737,-110.980454,32.388238,0.81,6713,1968,3,3,3023.0,2.0,2,6.25,1,0,1,0,227.919285478002,229666.66666666663,1.0,1
21810091,640000.0,85718,-110.90985,32.312222,0.11,5765,2009,3,3,3024.0,2.0,0,155.0,0,1,1,0,211.64021164021165,213333.3333333333,1.0,0
21314196,670000.0,85718,-110.909862,32.312206,0.11,3967,2009,3,3,3024.0,2.0,0,155.0,0,1,0,1,221.56084656084656,223333.3333333333,1.0,1
21210469,609000.0,85737,-110.988013,32.39716,0.65,5920,1997,4,3,3043.0,2.0,2,51.0,0,1,0,1,200.1314492277358,152250.0,0.75,0
21315475,630000.0,85737,-110.988015,32.397157,0.65,5771,1997,4,3,3043.0,2.0,2,51.0,0,1,0,1,207.0325336838646,157500.0,0.75,0
21828776,640000.0,85718,-110.942298,32.319146,0.96,5006,1980,3,4,3049.0,2.0,1,15.45,0,1,1,0,209.90488684814693,213333.3333333333,1.3333333333333333,0
21808933,640000.0,85718,-110.942298,32.319138,0.96,5006,1980,3,4,3049.0,2.0,1,15.45,0,1,1,0,209.90488684814693,213333.3333333333,1.3333333333333333,0
21803184,720000.0,85718,-110.898034,32.32208,0.51,6716,2001,4,3,3052.0,3.0,1,80.0,1,0,1,0,235.91087811271296,180000.0,0.75,1
21906483,715000.0,85718,-110.900134,32.319152,0.46,6980,2002,3,3,3052.0,2.0,1,80.0,0,1,0,1,234.27260812581915,238333.3333333333,1.0,1
21306428,610174.0,85718,-110.898045,32.322094,0.51,5636,2001,4,3,3052.0,3.0,1,80.0,0,1,0,1,199.9259501965924,152543.5,0.75,0
21530488,679000.0,85718,-110.900124,32.319156,0.46,5335,2002,3,3,3052.0,2.0,1,80.0,0,1,0,1,222.47706422018348,226333.3333333333,1.0,1
21333295,550000.0,85718,-110.935057,32.346048,0.92,4504,1983,4,3,3055.0,2.0,3,111.0,1,0,0,1,180.0327332242226,137500.0,0.75,0
21828368,670000.0,85718,-110.935057,32.346051,0.92,6113,1983,4,3,3055.0,2.0,3,100.0,1,0,1,0,219.3126022913257,167500.0,0.75,1
21612266,721701.0,85750,-110.859586,32.285559,0.9,2182,2016,4,3,3060.0,3.0,2,40.0,0,1,0,1,235.85,180425.25,0.75,1
21626690,739900.0,85750,-110.859871,32.285333,0.9,2182,2015,4,3,3060.0,3.0,2,40.0,0,1,0,1,241.79738562091504,184975.0,0.75,1
21717055,750000.0,85755,-110.977205,32.438031,0.52,7635,2007,3,4,3067.0,2.5,3,100.0,0,1,0,1,244.5386371046625,250000.0,1.3333333333333333,1
21223824,715000.0,85755,-110.977216,32.438041,0.52,6479,2007,3,4,3067.0,2.5,3,77.0,0,1,0,1,233.1268340397783,238333.3333333333,1.3333333333333333,1
21203376,565000.0,85718,-110.919407,32.310475,0.79,5924,1994,4,4,3077.0,2.0,3,4.0,0,1,0,1,183.62040948976275,141250.0,1.0,0
21809130,605000.0,85704,-110.989601,32.385174,1.05,5991,1996,5,3,3077.0,2.0,1,45.9,0,1,0,1,196.62008449788755,121000.0,0.6,0
21913950,641000.0,85704,-110.989601,32.385176,1.05,6022,1996,5,3,3077.0,2.0,1,48.0,0,1,1,0,208.31979200519987,128200.0,0.6,0
21606667,620000.0,85718,-110.919399,32.31046,0.79,6692,1994,4,4,3077.0,2.0,3,4.0,0,1,0,1,201.4949626259344,155000.0,1.0,0
21801833,480000.0,85742,-111.0638,32.408088,1.1,1356,2017,4,3,3082.0,3.0,0,0.0,0,1,0,1,155.74302401038287,120000.0,0.75,0
21804019,480000.0,85742,-111.0638,32.408082,1.1,1355,2018,4,3,3082.0,3.0,0,0.0,0,1,0,1,155.74302401038287,120000.0,0.75,0
21534099,3000000.0,85739,-110.883068,32.508778,0.0,8980,2008,3,3,3095.0,0.0,3,1717.0,1,0,0,1,969.3053311793216,1000000.0,1.0,1
21225585,2600000.0,85739,-110.883252,32.507699,0.0,18044,2008,3,3,3095.0,0.0,3,0.0,1,0,0,1,840.064620355412,866666.6666666666,1.0,1
21324339,2600000.0,85739,-110.883239,32.50904,0.0,17567,2008,3,3,3095.0,0.0,3,0.0,1,0,0,1,840.064620355412,866666.6666666666,1.0,1
21207846,2600000.0,85739,-110.883065,32.508778,0.0,8753,2008,3,3,3095.0,0.0,3,0.0,1,0,0,1,840.064620355412,866666.6666666666,1.0,1
21708234,750000.0,85718,-110.886447,32.325057,0.61,5550,2010,4,3,3114.0,2.0,1,258.0,1,0,0,1,240.84778420038532,187500.0,0.75,1
21402805,766000.0,85718,-110.886413,32.325052,0.61,4037,1967,4,3,3114.0,2.0,1,180.0,1,0,0,1,245.9858702633269,191500.0,0.75,1
21406304,665000.0,85750,-110.859227,32.320732,0.98,5217,1991,4,3,3122.0,3.0,1,41.0,0,1,0,1,213.00448430493276,166250.0,0.75,1
21625061,677900.0,85750,-110.859218,32.320718,0.98,6950,1991,4,3,3122.0,3.0,1,41.0,0,1,0,1,217.13645099295323,169475.0,0.75,1
21808249,726000.0,85718,-110.922241,32.307957,1.06,5617,1960,4,3,3128.0,2.0,2,4.16,0,1,1,0,232.09718670076725,181500.0,0.75,1
21708851,715000.0,85718,-110.921178,32.308537,1.06,5399,1960,4,3,3128.0,2.0,2,4.0,0,1,0,1,228.58056265984652,178750.0,0.75,1
21521112,660000.0,85755,-110.984011,32.425829,1.2,6462,2000,4,3,3130.0,3.0,2,73.0,1,0,0,1,210.8626198083067,165000.0,0.75,0
21822619,765000.0,85755,-110.984011,32.425815,1.2,7291,2000,4,3,3130.0,3.0,2,85.0,1,0,1,0,244.40894568690092,191250.0,0.75,1
21818075,740000.0,85718,-110.905564,32.318292,0.56,6220,1997,4,3,3154.0,3.0,1,135.0,1,0,1,0,234.6227013316424,185000.0,0.75,1
21431615,695000.0,85718,-110.905564,32.318294,0.56,4645,1997,4,3,3154.0,3.0,1,126.0,1,0,0,1,220.35510462904247,173750.0,0.75,1
21913339,798000.0,85750,-110.858393,32.282656,0.87,6711,1982,4,3,3167.0,3.0,1,6.0,1,0,0,1,251.9734764761604,199500.0,0.75,1
21811358,750000.0,85750,-110.858393,32.282655,0.87,5423,1982,4,3,3167.0,3.0,1,0.0,1,0,0,1,236.8171771392485,187500.0,0.75,1
21732599,719000.0,85718,-110.893561,32.329752,0.87,7250,2012,3,3,3176.0,2.0,1,0.0,1,0,1,0,226.3853904282116,239666.66666666663,1.0,1
21222937,779000.0,85718,-110.893404,32.329557,0.87,2279,2012,3,3,3176.0,2.0,1,0.0,1,0,0,1,245.27707808564236,259666.66666666663,1.0,1
21703492,576000.0,85739,-110.860543,32.539054,0.24,4042,2004,4,3,3220.0,3.0,1,199.0,0,1,0,1,178.88198757763976,144000.0,0.75,0
21515590,575000.0,85737,-111.005389,32.414913,0.58,4646,2002,5,3,3220.0,3.0,1,16.0,0,1,0,1,178.57142857142858,115000.0,0.6,0
21921170,610000.0,85737,-111.005388,32.414912,0.58,5723,2002,5,3,3220.0,3.0,1,17.0,0,1,1,0,189.44099378881987,122000.0,0.6,0
21414802,550000.0,85739,-110.860543,32.539051,0.24,3976,2004,4,3,3220.0,3.0,1,199.0,0,1,0,1,170.80745341614906,137500.0,0.75,0
21832453,553118.0,85755,-110.963742,32.447012,0.2,1122,2018,4,4,3236.0,3.0,0,100.0,0,1,1,0,170.92645241038318,138279.5,1.0,0
21907997,635451.0,85755,-110.962269,32.44639,0.19,1122,2019,4,4,3236.0,3.0,0,100.0,0,1,1,0,196.36928306551297,158862.75,1.0,0
21832500,705837.0,85755,-110.962445,32.446781,0.19,1122,2018,4,4,3236.0,3.0,0,100.0,0,1,1,0,218.12021013597032,176459.25,1.0,1
21903597,543445.0,85755,-110.963827,32.445949,0.2,1122,2019,4,4,3236.0,3.0,0,100.0,0,1,1,0,167.93726823238566,135861.25,1.0,0
21617809,730000.0,85718,-110.931769,32.326572,1.12,4753,1979,4,3,3239.0,2.0,1,9.0,1,0,0,1,225.3782031491201,182500.0,0.75,1
21503523,455000.0,85718,-110.931769,32.326575,1.12,4361,1979,4,3,3239.0,2.0,1,9.0,0,1,0,1,140.47545538746527,113750.0,0.75,0
21421148,575000.0,85750,-110.857761,32.322797,0.37,4143,1989,5,3,3248.0,3.0,1,38.0,1,0,0,1,177.0320197044335,115000.0,0.6,0
21500012,599999.0,85750,-110.857759,32.322799,0.37,4578,1989,5,3,3248.0,3.0,1,38.0,1,0,0,1,184.72875615763547,119999.8,0.6,0
21308860,700000.0,85750,-110.843537,32.325918,0.32,5846,1995,4,3,3254.0,2.0,1,122.0,0,1,0,1,215.119852489244,175000.0,0.75,1
21905698,768500.0,85750,-110.843536,32.325918,0.32,7546,1995,4,3,3254.0,2.0,1,150.0,1,0,1,0,236.17086662569145,192125.0,0.75,1
21317924,572500.0,85745,-111.06766,32.238416,1.61,8078,2005,5,4,3264.0,3.0,2,88.0,1,0,0,1,175.3982843137255,114500.0,0.8,0
21829764,680000.0,85745,-111.06767,32.238421,1.61,7779,2005,5,4,3264.0,3.0,2,96.0,1,0,0,1,208.33333333333331,136000.0,0.8,0
21409831,1831392.0,85658,-111.097132,32.468215,0.46,1609,2015,3,4,3276.0,2.0,2,550.0,1,0,0,1,559.032967032967,610464.0,1.3333333333333333,1
21409830,1909299.0,85658,-111.096949,32.467874,0.46,1609,2015,3,4,3276.0,2.0,2,550.0,1,0,0,1,582.8141025641025,636433.0,1.3333333333333333,1
21404992,679000.0,85718,-110.909504,32.33235,0.71,4185,1969,4,4,3287.0,2.0,1,6.0,1,0,0,1,206.57134164892,169750.0,1.0,0
21518935,680000.0,85718,-110.909507,32.332343,0.71,4447,1969,4,4,3287.0,2.0,1,6.0,1,0,0,1,206.8755704289626,170000.0,1.0,0
21624670,990000.0,85737,-110.948316,32.399464,0.81,8323,2008,3,4,3306.0,3.0,3,71.0,0,1,0,1,299.45553539019966,330000.0,1.3333333333333333,1
21523863,989000.0,85737,-110.948316,32.399467,0.81,8399,2008,3,4,3306.0,3.0,3,71.0,0,1,0,1,299.15305505142163,329666.6666666667,1.3333333333333333,1
21526938,780000.0,85718,-110.919814,32.293253,0.82,6693,1999,4,3,3312.0,3.0,2,112.0,0,1,0,1,235.5072463768116,195000.0,0.75,1
21312049,733000.0,85737,-110.988674,32.403253,0.82,6412,2002,4,3,3312.0,3.0,2,65.0,0,1,0,1,221.31642512077292,183250.0,0.75,1
21608493,757500.0,85737,-110.947087,32.415894,1.01,8477,2001,4,3,3315.0,3.0,3,75.0,1,0,0,1,228.50678733031677,189375.0,0.75,1
21904936,785000.0,85737,-110.947097,32.415886,1.01,8129,2001,4,3,3315.0,3.0,3,75.0,1,0,0,1,236.80241327300152,196250.0,0.75,1
21206957,537500.0,85750,-110.823026,32.281688,0.68,5945,2003,4,4,3324.0,3.0,1,110.0,0,1,0,1,161.70276774969915,134375.0,1.0,0
21826354,645500.0,85750,-110.823028,32.281683,0.68,6873,2003,4,4,3324.0,3.0,1,125.0,0,1,1,0,194.19374247894103,161375.0,1.0,0
21303155,750000.0,85750,-110.844197,32.326666,0.56,7000,2000,3,3,3330.0,2.0,1,122.0,1,0,0,1,225.2252252252252,250000.0,1.0,1
21825715,819000.0,85755,-110.952628,32.456307,0.7,8442,2004,3,3,3330.0,3.0,2,0.0,0,1,1,0,245.94594594594597,273000.0,1.0,1
21527750,773000.0,85755,-110.952628,32.456304,0.7,8091,2004,3,3,3330.0,3.0,2,67.0,0,1,0,1,232.1321321321321,257666.66666666663,1.0,1
21409937,725000.0,85750,-110.844186,32.326655,0.56,6720,2000,3,3,3330.0,2.0,1,129.0,1,0,0,1,217.7177177177177,241666.66666666663,1.0,1
21911444,739900.0,85718,-110.910188,32.321464,0.11,5050,1996,3,3,3359.0,2.0,1,0.0,0,1,0,1,220.2738910389997,246633.3333333333,1.0,1
21618985,720000.0,85718,-110.910188,32.321463,0.11,4413,1996,3,3,3359.0,2.0,1,175.0,0,1,0,1,214.3495087823757,240000.0,1.0,1
21827738,680000.0,85718,-110.885511,32.283423,1.92,2878,1972,4,3,3370.0,2.0,1,6.0,0,1,0,1,201.78041543026703,170000.0,0.75,0
21433103,580000.0,85748,-110.739063,32.233342,3.31,4312,1998,3,4,3370.0,3.0,1,0.0,0,1,0,1,172.10682492581603,193333.3333333333,1.3333333333333333,0
21624266,580000.0,85748,-110.739074,32.23334,3.31,4827,1998,3,4,3370.0,3.0,1,0.0,0,1,0,1,172.10682492581603,193333.3333333333,1.3333333333333333,0
21629507,635000.0,85718,-110.885532,32.283427,1.92,2824,1972,4,3,3370.0,2.0,1,5.0,0,1,0,1,188.42729970326408,158750.0,0.75,0
21300374,642000.0,85750,-110.82922,32.276759,0.56,6481,1996,4,3,3390.0,3.0,1,66.0,1,0,0,1,189.38053097345133,160500.0,0.75,0
21716346,593000.0,85750,-110.829219,32.276769,0.56,6742,1996,4,3,3390.0,3.0,1,58.0,0,1,0,1,174.92625368731564,148250.0,0.75,0
21316584,635000.0,85704,-110.993095,32.324668,0.57,6072,2007,4,4,3402.0,3.0,2,46.0,0,1,0,1,186.6549088771311,158750.0,1.0,0
21914486,739000.0,85704,-110.993095,32.324655,0.57,6473,2006,4,4,3402.0,3.0,2,40.0,1,0,1,0,217.2251616696061,184750.0,1.0,1
21132373,689000.0,85737,-110.967454,32.40363,0.41,5245,2006,5,3,3410.0,3.0,2,50.0,1,0,0,1,202.05278592375367,137800.0,0.6,0
21518358,612000.0,85737,-110.968108,32.406549,0.41,6383,2006,5,3,3410.0,3.0,2,67.0,0,1,0,1,179.47214076246334,122400.0,0.6,0
21908018,759900.0,85718,-110.928785,32.333043,1.61,7338,1995,4,4,3411.0,3.0,2,0.0,0,1,0,1,222.7792436235708,189975.0,1.0,1
21621037,677500.0,85718,-110.928785,32.333039,1.61,6520,1995,4,4,3411.0,3.0,2,0.0,1,0,0,1,198.6221049545588,169375.0,1.0,0
21327399,535000.0,85737,-110.970318,32.407739,0.37,5721,2004,4,3,3420.0,3.0,2,50.0,0,1,0,1,156.4327485380117,133750.0,0.75,0
21529711,712000.0,85737,-110.96948,32.405594,0.38,6059,2004,4,3,3420.0,3.0,2,50.0,0,1,0,1,208.187134502924,178000.0,0.75,0
21309327,600000.0,85737,-110.968169,32.406236,0.41,6160,2006,4,3,3420.0,3.0,2,50.0,0,1,0,1,175.43859649122808,150000.0,0.75,0
21129062,517000.0,85737,-110.970313,32.407753,0.37,5746,2004,4,3,3420.0,3.0,2,33.0,0,1,0,1,151.16959064327486,129250.0,0.75,0
21126261,555000.0,85737,-110.968239,32.405966,0.38,5401,2006,4,3,3420.0,3.0,3,50.0,0,1,0,1,162.28070175438597,138750.0,0.75,0
21332435,740000.0,85737,-110.969576,32.405869,0.37,5841,2004,4,3,3420.0,3.0,3,50.0,1,0,0,1,216.374269005848,185000.0,0.75,1
21802925,713500.0,85737,-110.96948,32.405593,0.38,7271,2004,4,3,3420.0,3.0,2,0.0,0,1,1,0,208.62573099415204,178375.0,0.75,0
21603934,585000.0,85737,-110.968218,32.40594,0.38,6525,2006,4,3,3420.0,3.0,3,67.0,0,1,0,1,171.05263157894737,146250.0,0.75,0
21532763,600000.0,85737,-110.968209,32.407183,0.41,6848,2007,4,3,3420.0,3.0,2,50.0,0,1,0,1,175.43859649122808,150000.0,0.75,0
21223046,575000.0,85737,-110.968209,32.407184,0.41,6687,2007,4,3,3420.0,3.0,2,50.0,0,1,0,1,168.12865497076024,143750.0,0.75,0
21601706,745000.0,85737,-110.969591,32.405875,0.37,6444,2004,4,3,3420.0,3.0,3,50.0,1,0,0,1,217.83625730994152,186250.0,0.75,1
21816408,664000.0,85737,-110.971372,32.417962,1.6,7004,2002,5,4,3425.0,3.0,2,23.0,0,1,0,1,193.86861313868613,132800.0,0.8,0
21424722,575000.0,85737,-110.971373,32.417963,1.6,6689,2002,5,4,3425.0,3.0,2,23.0,0,1,0,1,167.8832116788321,115000.0,0.8,0
21921821,599900.0,85658,-111.073607,32.432527,0.21,7728,2006,5,3,3458.0,3.0,1,44.0,0,1,1,0,173.48178137651823,119980.0,0.6,0
21207200,575000.0,85658,-111.07361,32.43256,0.21,5713,2006,5,3,3458.0,3.0,1,57.0,0,1,0,1,166.28108733371892,115000.0,0.6,0
21527744,787000.0,85750,-110.869314,32.327179,1.0,5706,1993,4,4,3470.0,3.0,4,34.0,0,1,0,1,226.80115273775212,196750.0,1.0,1
21112738,795000.0,85750,-110.869301,32.327174,1.0,5865,1993,4,4,3470.0,3.0,4,39.0,0,1,0,1,229.1066282420749,198750.0,1.0,1
21407949,655000.0,85750,-110.839437,32.314079,0.83,4832,1991,5,4,3483.0,3.0,2,65.0,0,1,0,1,188.0562733275912,131000.0,0.8,0
21703869,587500.0,85750,-110.839427,32.314078,0.83,5933,1991,5,4,3483.0,3.0,2,62.0,0,1,0,1,168.67642836635085,117500.0,0.8,0
21511806,600000.0,85718,-110.880168,32.314928,1.07,4296,1976,3,4,3504.0,3.0,1,21.0,0,1,0,1,171.23287671232876,200000.0,1.3333333333333333,0
21314164,614000.0,85718,-110.880184,32.314942,1.07,3441,1976,3,4,3504.0,3.0,1,21.0,0,1,0,1,175.2283105022831,204666.66666666663,1.3333333333333333,0
3055188,700000.0,85646,-111.046366,31.623839,0.99,6740,2007,3,4,3514.0,3.0,1,157.0,1,0,1,0,199.203187250996,233333.3333333333,1.3333333333333333,0
3060029,655000.0,85614,-110.971212,31.835117,0.99,6433,2001,3,4,3514.0,3.0,1,83.33,0,1,1,0,186.39726807057485,218333.3333333333,1.3333333333333333,0
3059167,550000.0,85614,-110.940656,31.878329,0.99,5630,2013,3,4,3514.0,3.0,1,158.0,0,1,1,0,156.51678998292545,183333.3333333333,1.3333333333333333,0
3051223,680000.0,85622,-111.000925,31.836922,0.99,4158,2007,3,4,3514.0,3.0,1,100.0,0,1,1,0,193.5116676152533,226666.66666666663,1.3333333333333333,0
21218285,615000.0,85745,-111.040022,32.219732,0.6,6849,2007,4,4,3519.0,4.0,3,41.0,1,0,0,1,174.76555839727197,153750.0,1.0,0
21909170,725000.0,85745,-111.040022,32.219797,0.6,7199,2007,4,4,3519.0,4.0,3,30.0,0,1,1,0,206.02443876101165,181250.0,1.0,0
21514486,755000.0,85718,-110.901606,32.320327,0.44,5703,2001,3,4,3541.0,3.0,1,80.0,0,1,0,1,213.21660547867836,251666.66666666663,1.3333333333333333,1
21800282,650000.0,85658,-111.089825,32.458965,0.59,9357,2005,4,4,3541.0,3.0,1,87.66,0,1,1,0,183.5639649816436,162500.0,1.0,0
21301219,630000.0,85755,-110.991336,32.426865,0.84,5739,2005,4,4,3541.0,3.0,2,79.0,0,1,0,1,177.9158429822084,157500.0,1.0,0
21204490,550000.0,85718,-110.89902,32.322312,0.43,6279,2001,4,4,3541.0,3.0,1,80.0,0,1,0,1,155.32335498446767,137500.0,1.0,0
21826712,779000.0,85718,-110.901065,32.318272,0.42,7572,2002,4,4,3541.0,3.0,1,80.0,0,1,0,1,219.99435187800057,194750.0,1.0,1
21328048,785000.0,85718,-110.901395,32.317413,0.47,6182,2002,4,4,3541.0,3.0,2,80.0,0,1,0,1,221.6887884778311,196250.0,1.0,1
21522134,730000.0,85718,-110.900015,32.316001,0.43,6043,2002,4,4,3541.0,3.0,1,16.0,0,1,0,1,206.15645297938437,182500.0,1.0,0
21311893,747000.0,85718,-110.897692,32.318852,0.47,5627,2002,4,4,3541.0,3.0,2,80.0,0,1,0,1,210.95735667890423,186750.0,1.0,0
21129702,698000.0,85718,-110.901614,32.320341,0.44,6050,2001,3,4,3541.0,3.0,1,80.0,0,1,0,1,197.1194577802881,232666.66666666663,1.3333333333333333,0
21728606,650000.0,85658,-111.092975,32.460696,0.83,9391,2006,4,4,3541.0,3.0,1,88.0,0,1,1,0,183.5639649816436,162500.0,1.0,0
21221525,630000.0,85658,-111.089826,32.459014,0.59,8822,2005,4,4,3541.0,3.0,1,90.0,0,1,0,1,177.9158429822084,157500.0,1.0,0
21725408,649900.0,85658,-111.047787,32.431993,0.85,7694,2011,4,4,3541.0,3.0,1,190.0,0,1,1,0,183.53572437164644,162475.0,1.0,0
21813421,730000.0,85755,-110.991325,32.426855,0.84,7472,2005,4,4,3541.0,3.0,2,85.0,0,1,1,0,206.15645297938437,182500.0,1.0,0
21112598,765000.0,85718,-110.90083,32.321346,0.45,6362,2001,3,4,3541.0,3.0,2,80.0,1,0,0,1,216.04066647839596,255000.0,1.3333333333333333,1
21608910,815500.0,85718,-110.900843,32.321354,0.45,6251,2001,3,4,3541.0,3.0,2,80.0,1,0,0,1,230.3021745269698,271833.3333333333,1.3333333333333333,1
21209551,560000.0,85658,-111.047785,32.431995,0.85,1895,2011,4,4,3541.0,3.0,1,60.0,0,1,0,1,158.14741598418527,140000.0,1.0,0
21900200,612500.0,85658,-111.092985,32.460701,0.83,9391,2006,4,4,3541.0,3.0,1,88.0,0,1,1,0,172.97373623270263,153125.0,1.0,0
21327443,674000.0,85755,-110.991374,32.424723,0.84,5957,2004,4,4,3541.0,3.0,2,79.0,0,1,0,1,190.34171138096585,168500.0,1.0,0
21503026,770000.0,85718,-110.899026,32.319622,0.42,5949,2002,4,4,3541.0,3.0,1,80.0,0,1,0,1,217.45269697825472,192500.0,1.0,1
21120435,595000.0,85718,-110.935906,32.327461,1.61,6177,1978,4,4,3545.0,3.0,2,9.0,0,1,0,1,167.8420310296192,148750.0,1.0,0
21810452,719900.0,85718,-110.935919,32.327469,1.61,7690,1978,4,4,3545.0,3.0,2,8.0,0,1,0,1,203.07475317348377,179975.0,1.0,0
21905262,895000.0,85750,-110.861685,32.289026,1.05,5959,1987,4,3,3550.0,2.0,0,33.0,0,1,1,0,252.112676056338,223750.0,0.75,1
21725179,835000.0,85750,-110.861685,32.289028,1.05,6069,1987,4,3,3550.0,2.0,0,33.0,0,1,0,1,235.2112676056338,208750.0,0.75,1
21701832,645000.0,85739,-110.869624,32.549337,0.19,4388,1998,3,3,3555.0,3.0,3,165.0,0,1,0,1,181.4345991561181,215000.0,1.0,0
21903172,562000.0,85739,-110.869624,32.54934,0.19,4865,1998,3,3,3555.0,3.0,3,180.0,0,1,1,0,158.0872011251758,187333.3333333333,1.0,0
21902730,590000.0,85749,-110.720576,32.299331,4.11,5556,2002,3,3,3556.0,2.0,2,0.0,1,0,0,1,165.91676040494937,196666.66666666663,1.0,0
21623602,545000.0,85749,-110.720577,32.299329,4.11,4776,2002,3,3,3556.0,2.0,2,0.0,1,0,0,1,153.2620922384702,181666.66666666663,1.0,0
21306545,625000.0,85750,-110.821338,32.274561,0.8,7400,1999,4,4,3563.0,3.0,1,5.0,0,1,0,1,175.41397698568622,156250.0,1.0,0
21707412,675000.0,85750,-110.821338,32.274562,0.8,7219,1999,4,4,3563.0,3.0,1,5.0,0,1,0,1,189.44709514454112,168750.0,1.0,0
21716639,568882.0,85755,-110.984982,32.450588,0.26,900,2017,4,3,3580.0,4.0,0,134.0,0,1,0,1,158.90558659217876,142220.5,0.75,0
21905373,730000.0,85755,-110.984866,32.449078,0.26,8904,2016,4,3,3580.0,4.0,0,135.0,0,1,0,1,203.9106145251397,182500.0,0.75,0
21906588,810000.0,85755,-110.987137,32.428448,0.53,7274,2001,3,5,3582.0,3.0,2,18.0,0,1,1,0,226.13065326633165,270000.0,1.6666666666666667,1
21331580,750122.0,85755,-110.987147,32.428457,0.53,5645,2001,3,5,3582.0,3.0,2,12.0,0,1,0,1,209.4142936906756,250040.66666666663,1.6666666666666667,0
21401059,600000.0,85750,-110.869149,32.310981,1.45,4958,1984,4,3,3583.0,3.0,2,40.0,1,0,0,1,167.4574379012001,150000.0,0.75,0
21125852,730000.0,85755,-110.960934,32.461086,1.09,7938,1998,3,4,3583.0,4.0,4,170.0,0,1,0,1,203.73988277979348,243333.3333333333,1.3333333333333333,0
21204899,600000.0,85750,-110.869147,32.310983,1.45,5604,1984,4,3,3583.0,3.0,2,40.0,1,0,0,1,167.4574379012001,150000.0,0.75,0
21401063,860000.0,85755,-110.960936,32.461084,1.09,7039,1998,3,4,3583.0,4.0,4,200.0,1,0,0,1,240.0223276583868,286666.6666666667,1.3333333333333333,1
21829513,626500.0,85750,-110.869493,32.311036,1.45,6641,1984,4,3,3583.0,3.0,2,44.0,1,0,1,0,174.85347474183644,156625.0,0.75,0
21041642,610000.0,85755,-110.975522,32.425732,1.29,7455,1998,4,4,3584.0,3.0,3,35.0,1,0,0,1,170.20089285714286,152500.0,1.0,0
21502407,635000.0,85755,-110.975535,32.425736,1.29,7153,1998,4,4,3584.0,3.0,3,35.0,1,0,0,1,177.17633928571428,158750.0,1.0,0
21225380,660000.0,85755,-111.02785,32.431596,3.3,5822,1999,5,3,3622.0,3.0,2,0.0,0,1,0,1,182.21976808393157,132000.0,0.6,0
21113616,750000.0,85755,-111.027838,32.431599,3.3,4395,1999,5,3,3622.0,3.0,2,0.0,0,1,0,1,207.0679182771949,150000.0,0.6,0
21400075,1400000.0,85658,-111.089967,32.466866,0.65,11139,2011,3,4,3625.0,3.0,5,118.0,1,0,0,1,386.2068965517241,466666.6666666667,1.3333333333333333,1
21204564,1600000.0,85658,-111.089977,32.466875,0.65,5121,2011,3,4,3625.0,3.0,5,118.0,1,0,0,1,441.3793103448276,533333.3333333334,1.3333333333333333,1
21532011,551000.0,85716,-110.926324,32.225752,0.75,3441,1938,3,3,3627.0,2.0,2,0.0,0,1,0,1,151.91618417424868,183666.66666666663,1.0,0
21800729,652000.0,85716,-110.926325,32.225752,0.75,3678,1938,3,3,3627.0,2.0,2,0.0,0,1,0,1,179.76288944030878,217333.3333333333,1.0,0
21411265,815000.0,85718,-110.937699,32.346355,0.85,6022,1991,5,4,3665.0,2.0,2,100.0,1,0,0,1,222.3738062755798,163000.0,0.8,1
21126664,803000.0,85718,-110.937707,32.346373,0.85,6548,1991,5,4,3665.0,2.0,2,111.0,1,0,0,1,219.09959072305597,160600.0,0.8,1
21220089,550000.0,85749,-110.731259,32.265265,0.97,4487,2002,4,4,3668.0,3.0,1,25.0,0,1,0,1,149.9454743729553,137500.0,1.0,0
21500666,585000.0,85749,-110.731248,32.265255,0.97,4600,2002,4,4,3668.0,3.0,1,25.0,0,1,0,1,159.48745910577972,146250.0,1.0,0
21826697,667000.0,85749,-110.756841,32.30355,3.45,8584,1995,4,3,3670.0,3.0,4,0.0,1,0,1,0,181.74386920980928,166750.0,0.75,0
21704185,1550000.0,85658,-111.061767,32.466473,2.06,15981,2007,3,4,3670.0,3.0,3,127.0,1,0,0,1,422.3433242506812,516666.6666666667,1.3333333333333333,1
21729283,500000.0,85749,-110.756841,32.303547,3.45,7726,1995,4,3,3670.0,3.0,4,0.0,1,0,0,1,136.23978201634878,125000.0,0.75,0
21528436,1500000.0,85658,-111.061766,32.466472,2.06,15711,2007,3,4,3670.0,3.0,3,143.0,1,0,0,1,408.7193460490463,500000.0,1.3333333333333333,1
21327749,725000.0,85737,-110.947127,32.38467,0.85,8180,1993,4,3,3686.0,3.0,1,68.0,0,1,0,1,196.69017905588717,181250.0,0.75,0
21724791,790000.0,85737,-110.947126,32.384667,0.85,9193,1993,4,3,3686.0,3.0,1,72.0,0,1,0,1,214.32447097124253,197500.0,0.75,1
21427237,612500.0,85755,-110.979281,32.454791,0.47,6335,2000,3,4,3688.0,2.0,2,80.0,0,1,0,1,166.07917570498915,204166.66666666663,1.3333333333333333,0
21211663,540000.0,85755,-110.979631,32.455218,0.47,6335,2000,3,4,3688.0,2.0,2,80.0,0,1,0,1,146.42082429501085,180000.0,1.3333333333333333,0
21908330,710000.0,85755,-110.988766,32.429218,0.51,8450,2002,4,4,3713.0,3.0,1,18.0,0,1,0,1,191.22003770535957,177500.0,1.0,0
21806371,600000.0,85755,-110.988765,32.429212,0.51,8378,2002,4,4,3713.0,3.0,1,36.0,0,1,1,0,161.59439806086723,150000.0,1.0,0
4115019,650000.0,85646,-111.03131,31.648804,10.0,5221,2004,3,3,3718.0,3.0,2,0.0,0,1,1,0,174.82517482517483,216666.66666666663,1.0,0
21501063,650000.0,85646,-111.031149,31.649477,10.0,5807,2004,3,3,3718.0,3.0,2,0.0,0,1,0,1,174.82517482517483,216666.66666666663,1.0,0
21602975,870000.0,85718,-110.91621,32.305963,0.96,6622,1992,4,3,3731.0,3.0,3,0.0,1,0,0,1,233.18145269364783,217500.0,0.75,1
21904760,922500.0,85718,-110.91621,32.305965,0.96,7830,1992,4,3,3731.0,3.0,3,0.0,1,0,0,1,247.25274725274724,230625.0,0.75,1
21204363,675000.0,85749,-110.765907,32.26621,3.3,5278,2005,5,5,3737.0,3.0,1,0.0,0,1,0,1,180.62617072518063,135000.0,1.0,0
21903734,802000.0,85749,-110.765909,32.266205,3.3,6774,2006,5,5,3737.0,3.0,1,0.0,0,1,1,0,214.61065025421465,160400.0,1.0,1
21700654,850000.0,85750,-110.867433,32.322468,0.54,8682,1998,5,3,3742.0,3.0,3,40.0,1,0,0,1,227.15125601282736,170000.0,0.6,1
21208834,800000.0,85715,-110.859255,32.258712,0.57,5318,1963,4,4,3742.0,2.0,2,79.0,0,1,0,1,213.78941742383756,200000.0,1.0,1
21725365,869000.0,85750,-110.867433,32.322463,0.54,8682,1998,5,3,3742.0,3.0,3,40.55,1,0,0,1,232.22875467664352,173800.0,0.6,1
21920055,811250.0,85715,-110.859265,32.258721,0.57,7251,1963,4,4,3742.0,2.0,2,119.66,0,1,1,0,216.79583110636025,202812.5,1.0,1
21305580,850000.0,85750,-110.867433,32.322462,0.54,6233,1998,5,3,3742.0,3.0,3,40.0,1,0,0,1,227.15125601282736,170000.0,0.6,1
21507310,575000.0,85718,-110.959251,32.30129,1.28,5524,1994,4,3,3800.0,3.0,1,0.0,0,1,0,1,151.31578947368422,143750.0,0.75,0
21715786,674500.0,85718,-110.959251,32.301293,1.28,5495,1994,4,3,3800.0,3.0,1,0.0,0,1,0,1,177.5,168625.0,0.75,0
21219454,820000.0,85750,-110.835224,32.313474,0.89,7800,2012,4,4,3811.0,3.0,1,55.0,0,1,0,1,215.1666229336132,205000.0,1.0,1
21902675,865000.0,85658,-111.096598,32.459227,0.66,9463,2007,3,4,3811.0,3.0,1,263.0,1,0,1,0,226.97454736289689,288333.3333333333,1.3333333333333333,1
21323382,690000.0,85658,-111.09661,32.459226,0.66,9217,2007,3,4,3811.0,3.0,1,76.0,1,0,0,1,181.054841249016,230000.0,1.3333333333333333,0
21300652,762393.0,85750,-110.832873,32.315192,0.89,862,2012,4,4,3811.0,3.0,1,55.0,0,1,0,1,200.0506428758856,190598.25,1.0,0
21418840,730000.0,85755,-110.983512,32.433034,0.92,6280,2002,4,4,3832.0,3.0,3,10.0,0,1,0,1,190.50104384133613,182500.0,1.0,0
21517196,702000.0,85755,-110.983512,32.433025,0.92,6596,2001,4,4,3832.0,3.0,3,10.0,0,1,0,1,183.1941544885177,175500.0,1.0,0
21222166,788000.0,85743,-111.088331,32.311677,3.3,6669,2004,4,4,3850.0,3.0,1,42.0,0,1,0,1,204.67532467532467,197000.0,1.0,0
21732335,785000.0,85743,-111.088331,32.311675,3.3,9627,2004,4,4,3850.0,3.0,1,74.0,0,1,1,0,203.8961038961039,196250.0,1.0,0
21605430,965000.0,85718,-110.920368,32.342219,0.8,8595,1983,3,3,3854.0,3.0,2,300.0,1,0,0,1,250.38920601971975,321666.6666666667,1.0,1
21206478,1135000.0,85718,-110.920365,32.342229,0.8,8080,1983,3,3,3854.0,3.0,2,242.0,1,0,0,1,294.49922158796056,378333.3333333333,1.0,1
21206949,1200000.0,85749,-110.714722,32.241059,27.1,7856,1987,4,3,3855.0,4.0,2,18.0,1,0,0,1,311.284046692607,300000.0,0.75,1
21529721,1150000.0,85749,-110.714713,32.241045,27.1,12227,1987,4,3,3855.0,4.0,2,19.0,1,0,0,1,298.31387808041507,287500.0,0.75,1
21222527,611500.0,85718,-110.930069,32.33961,0.94,6424,1997,4,5,3857.0,3.0,3,111.0,0,1,0,1,158.5429089966295,152875.0,1.25,0
21413617,712000.0,85718,-110.93007,32.339612,0.94,6052,1997,4,5,3857.0,3.0,3,111.0,0,1,0,1,184.599429608504,178000.0,1.25,0
21423581,775000.0,85755,-110.981142,32.426872,1.18,7306,2003,3,3,3859.0,3.0,1,73.0,1,0,0,1,200.82923037056236,258333.3333333333,1.0,0
21829736,750000.0,85755,-110.981101,32.426854,1.18,8753,2003,3,3,3859.0,3.0,1,85.0,1,0,1,0,194.35086810054415,250000.0,1.0,0
21901496,921500.0,85718,-110.948344,32.343905,1.23,10722,2002,5,5,3861.0,3.0,2,157.33,0,1,1,0,238.66873866873863,184300.0,1.0,1
21608724,840000.0,85718,-110.948344,32.343904,1.23,11933,2002,5,5,3861.0,3.0,2,157.0,1,0,0,1,217.56021756021755,168000.0,1.0,1
21318906,690000.0,85718,-110.959698,32.30637,1.13,4292,1968,3,3,3879.0,2.0,3,0.0,0,1,0,1,177.88089713843777,230000.0,1.0,0
21815347,605500.0,85718,-110.959698,32.306367,1.13,5230,1968,3,3,3879.0,2.0,3,0.0,0,1,0,1,156.09693219902036,201833.3333333333,1.0,0
21300533,730000.0,85750,-110.84772,32.298167,1.01,5420,2002,5,4,3889.0,3.0,2,0.0,1,0,0,1,187.70892260221137,146000.0,0.8,0
21726219,775000.0,85750,-110.847719,32.298167,1.01,6730,2002,5,4,3889.0,3.0,2,0.0,1,0,0,1,199.28002057084083,155000.0,0.8,0
21705966,610000.0,85718,-110.930621,32.314355,1.3,5539,1965,6,5,3890.0,2.0,5,4.0,0,1,0,1,156.81233933161954,101666.66666666669,0.8333333333333334,0
21910747,725000.0,85718,-110.93062,32.314358,1.3,5668,1965,6,5,3890.0,2.0,5,4.0,0,1,1,0,186.3753213367609,120833.33333333331,0.8333333333333334,0
21413743,800000.0,85755,-110.975498,32.435648,1.86,7693,2006,4,4,3909.0,3.0,1,100.0,1,0,0,1,204.65592223074955,200000.0,1.0,0
21630371,790000.0,85755,-110.975497,32.435647,1.86,8167,2006,4,4,3909.0,3.0,1,100.0,1,0,0,1,202.0977232028652,197500.0,1.0,0
21533321,570000.0,85749,-110.72988,32.24815,0.63,5430,1999,5,4,3930.0,3.0,2,3.0,0,1,0,1,145.0381679389313,114000.0,0.8,0
21908001,640000.0,85749,-110.72988,32.248151,0.63,6305,1999,5,4,3930.0,3.0,2,6.0,0,1,0,1,162.8498727735369,128000.0,0.8,0
21123174,550000.0,85704,-110.96154,32.366205,0.91,5983,1988,4,5,3940.0,3.0,2,0.0,1,0,0,1,139.5939086294416,137500.0,1.25,0
21210173,650000.0,85704,-110.961541,32.366205,0.91,5979,1988,4,5,3940.0,3.0,2,0.0,1,0,0,1,164.9746192893401,162500.0,1.25,0
21701610,1050000.0,85750,-110.83367,32.323228,0.41,9819,1993,4,4,3943.0,3.0,2,142.0,1,0,0,1,266.2946994674106,262500.0,1.0,1
21323773,925000.0,85750,-110.83367,32.323231,0.41,7619,1993,4,4,3943.0,3.0,2,123.0,1,0,0,1,234.5929495308141,231250.0,1.0,1
21418135,899900.0,85750,-110.843571,32.303483,0.84,8082,2005,4,4,3959.0,3.0,3,40.0,0,1,0,1,227.3048749684264,224975.0,1.0,1
21227693,888000.0,85750,-110.843569,32.303489,0.84,8620,2005,4,4,3959.0,3.0,3,40.0,1,0,0,1,224.29906542056077,222000.0,1.0,1
21818977,699900.0,85737,-111.004487,32.415894,0.72,7664,2006,5,5,3959.0,4.0,1,17.0,0,1,1,0,176.78706744127305,139980.0,1.0,0
21204360,630000.0,85737,-111.004485,32.415912,0.72,5960,2006,5,5,3959.0,4.0,1,17.0,0,1,0,1,159.13109371053295,126000.0,1.0,0
21823711,620000.0,85755,-110.978894,32.456688,0.35,8052,2005,5,4,3991.0,3.0,2,80.0,0,1,1,0,155.3495364570283,124000.0,0.8,0
21318531,560000.0,85755,-110.978895,32.456712,0.35,6452,2005,5,4,3991.0,3.0,2,80.0,0,1,0,1,140.31571034828363,112000.0,0.8,0
21412273,705000.0,85743,-111.126254,32.33812,3.42,5170,2007,3,4,4024.0,3.0,1,20.0,0,1,0,1,175.19880715705764,235000.0,1.3333333333333333,0
21714748,675000.0,85743,-111.126254,32.338123,3.42,6495,2007,3,4,4024.0,3.0,1,15.0,0,1,0,1,167.74353876739562,225000.0,1.3333333333333333,0
21806582,700000.0,85658,-111.089818,32.463824,0.44,10666,2007,3,4,4030.0,3.0,1,116.0,0,1,0,1,173.697270471464,233333.3333333333,1.3333333333333333,0
21520727,597450.0,85658,-111.087844,32.46396,0.44,7883,2006,3,4,4030.0,3.0,1,113.0,0,1,0,1,148.25062034739454,199150.0,1.3333333333333333,0
21912829,753000.0,85718,-110.886948,32.299079,2.12,5637,1969,4,3,4047.0,2.0,1,5.0,0,1,0,1,186.0637509266123,188250.0,0.75,0
21520633,717000.0,85718,-110.886949,32.299076,2.12,5069,1969,4,3,4047.0,2.0,1,5.0,1,0,0,1,177.16827279466273,179250.0,0.75,0
21527529,850000.0,85750,-110.859232,32.321129,1.09,8294,1991,5,4,4056.0,3.0,2,41.0,1,0,0,1,209.56607495069036,170000.0,0.8,0
21323983,840000.0,85750,-110.859231,32.321129,1.09,7015,1991,5,4,4056.0,3.0,2,41.0,1,0,0,1,207.10059171597632,168000.0,0.8,0
21903233,935000.0,85749,-110.760058,32.301699,3.78,11278,2005,4,4,4078.0,3.0,2,132.0,1,0,1,0,229.27905836194213,233750.0,1.0,1
21615638,920000.0,85749,-110.760057,32.301698,3.78,10663,2005,4,4,4078.0,3.0,2,127.0,1,0,0,1,225.60078469838157,230000.0,1.0,1
21313834,635000.0,85737,-110.945,32.399687,0.51,9396,1999,3,4,4093.0,3.0,1,213.0,1,0,0,1,155.14292694844858,211666.66666666663,1.3333333333333333,0
21223532,400000.0,85737,-110.944989,32.399679,0.51,8849,1999,3,4,4093.0,3.0,1,71.0,0,1,0,1,97.72782799902272,133333.33333333334,1.3333333333333333,0
21906071,885000.0,85755,-110.978051,32.428607,1.18,11624,2005,3,3,4108.0,4.0,2,36.02,1,0,1,0,215.43330087633885,295000.0,1.0,1
21807590,860000.0,85755,-110.97804,32.4286,1.18,11624,2005,3,3,4108.0,4.0,2,34.0,1,0,1,0,209.34761441090555,286666.6666666667,1.0,0
21327394,890000.0,85718,-110.94062,32.347876,1.23,11318,2004,4,5,4143.0,3.0,1,160.0,0,1,0,1,214.82017861453053,222500.0,1.25,1
21224755,1175500.0,85718,-110.94065,32.347873,1.23,11674,2004,4,5,4143.0,3.0,1,159.0,0,1,0,1,283.7315954622254,293875.0,1.25,1
21301765,975000.0,85718,-110.925585,32.304246,1.17,9010,2009,4,4,4200.0,3.0,2,0.0,0,1,0,1,232.14285714285717,243750.0,1.0,1
21405516,970000.0,85718,-110.925584,32.304243,1.17,8773,2008,4,4,4200.0,3.0,2,5.0,0,1,0,1,230.95238095238096,242500.0,1.0,1
21528571,580000.0,85750,-110.829223,32.315064,1.53,6449,1961,4,4,4237.0,2.0,1,0.0,0,1,0,1,136.88930847297615,145000.0,1.0,0
21815625,810000.0,85750,-110.829223,32.315071,1.53,8182,1961,4,4,4237.0,2.0,1,0.0,0,1,0,1,191.17299976398397,202500.0,1.0,0
21603500,565000.0,85646,-111.050832,31.627415,0.72,4651,1969,3,3,4248.0,2.0,3,21.0,1,0,0,1,133.00376647834275,188333.3333333333,1.0,0
4116359,565000.0,85646,-111.050837,31.627107,0.72,4651,1969,3,3,4248.0,2.0,3,250.0,0,1,0,1,133.00376647834275,188333.3333333333,1.0,0
21720165,837500.0,85745,-111.102683,32.294908,3.31,10098,2010,4,4,4260.0,3.0,3,0.0,1,0,0,1,196.5962441314554,209375.0,1.0,0
21532803,820000.0,85745,-111.102683,32.294905,3.31,8809,2010,4,4,4260.0,3.0,3,0.0,1,0,0,1,192.4882629107981,205000.0,1.0,0
21611311,650000.0,85749,-110.793969,32.252991,0.56,6928,1997,5,6,4279.0,3.0,1,150.0,0,1,0,1,151.90465061930357,130000.0,1.2,0
21222011,562000.0,85749,-110.793969,32.252989,0.56,7009,1997,5,6,4279.0,3.0,1,149.0,0,1,0,1,131.33909792007478,112400.0,1.2,0
21505898,840000.0,85748,-110.730013,32.236348,4.0,8570,2007,5,5,4306.0,3.0,3,0.0,1,0,0,1,195.07663725034837,168000.0,1.0,0
21915983,899000.0,85748,-110.730023,32.236357,4.0,9086,2007,5,5,4306.0,3.0,3,0.0,1,0,0,1,208.77844867626567,179800.0,1.0,0
21528371,1550000.0,85750,-110.864255,32.330365,1.42,9710,1996,3,4,4316.0,3.0,1,211.0,1,0,0,1,359.12882298424466,516666.6666666667,1.3333333333333333,1
21300493,1625000.0,85750,-110.864255,32.330368,1.42,8349,1996,3,4,4316.0,3.0,1,203.0,1,0,0,1,376.5060240963856,541666.6666666666,1.3333333333333333,1
21724369,925000.0,85658,-111.087998,32.469427,0.65,14471,2009,4,5,4318.0,3.0,4,117.0,1,0,1,0,214.21954608615096,231250.0,1.25,1
21902779,1300000.0,85658,-111.087998,32.469423,0.65,15513,2009,4,5,4318.0,3.0,4,117.0,1,0,0,1,301.06530801296896,325000.0,1.25,1
21616345,585000.0,85749,-110.704968,32.240342,3.82,7428,1993,4,3,4324.0,3.0,1,20.0,0,1,0,1,135.29139685476412,146250.0,0.75,0
21905848,620000.0,85749,-110.704968,32.240344,3.82,7501,1993,4,3,4324.0,3.0,1,19.0,0,1,0,1,143.38575393154483,155000.0,0.75,0
21408705,630500.0,85750,-110.81885,32.292568,1.15,10116,2010,4,4,4325.0,3.0,2,52.0,0,1,0,1,145.78034682080926,157625.0,1.0,0
21619675,1025000.0,85750,-110.81883,32.292563,1.15,10270,2010,4,4,4325.0,3.0,2,52.0,1,0,0,1,236.9942196531792,256250.0,1.0,1
21128957,625000.0,85743,-111.126192,32.339015,3.4,6691,2007,4,4,4401.0,5.0,3,45.0,1,0,0,1,142.01317882299475,156250.0,1.0,0
21411654,689000.0,85743,-111.126195,32.339011,3.4,5625,2007,4,4,4401.0,5.0,3,200.0,1,0,0,1,156.55532833446944,172250.0,1.0,0
21426494,912500.0,85718,-110.925262,32.297893,1.4,7916,2003,4,4,4435.0,3.0,3,0.0,0,1,0,1,205.74971815107105,228125.0,1.0,0
21603231,900000.0,85718,-110.924224,32.297727,1.4,8715,2003,4,4,4435.0,3.0,3,0.0,0,1,0,1,202.93122886133037,225000.0,1.0,0
21417371,907000.0,85715,-110.86202,32.264009,0.5,6916,1960,4,4,4446.0,2.0,2,144.0,1,0,0,1,204.00359874044085,226750.0,1.0,0
21729892,885000.0,85715,-110.86202,32.264011,0.5,7694,1960,4,4,4446.0,2.0,2,58.0,0,1,1,0,199.055330634278,221250.0,1.0,0
21324381,725000.0,85737,-110.987406,32.408856,1.76,7547,2002,4,4,4458.0,3.0,2,51.0,0,1,0,1,162.62898160610138,181250.0,1.0,0
21818252,695000.0,85737,-110.987392,32.408859,1.76,10540,2002,4,4,4458.0,3.0,2,45.0,0,1,1,0,155.89950650515925,173750.0,1.0,0
21516146,755000.0,85750,-110.833096,32.310394,0.9,7958,1997,5,3,4482.0,3.0,3,0.0,0,1,0,1,168.45158411423472,151000.0,0.6,0
21431945,770000.0,85750,-110.833096,32.310391,0.9,7959,1997,5,3,4482.0,3.0,3,0.0,0,1,0,1,171.79830432842482,154000.0,0.6,0
21810735,690000.0,85718,-110.906489,32.322273,0.49,7363,1986,4,3,4518.0,3.0,3,135.0,0,1,1,0,152.72244355909694,172500.0,0.75,0
21516172,685000.0,85718,-110.906489,32.32227,0.49,5662,1986,4,3,4518.0,3.0,3,126.0,0,1,0,1,151.6157591854803,171250.0,0.75,0
21531599,582406.0,85745,-111.093793,32.300924,3.36,8134,2000,5,5,4518.0,3.0,3,0.0,0,1,0,1,128.9079238601151,116481.2,1.0,0
21901558,895000.0,85745,-111.093793,32.300928,3.36,7904,2000,5,5,4518.0,3.0,3,0.0,0,1,0,1,198.09650287737935,179000.0,1.0,0
21204398,1262500.0,85718,-110.926187,32.295751,1.0,9066,2007,4,5,4556.0,3.0,2,0.0,0,1,0,1,277.1071115013169,315625.0,1.25,1
21707450,1325000.0,85718,-110.926211,32.295762,1.0,11018,2007,4,5,4556.0,3.0,2,4.0,0,1,0,1,290.8252853380158,331250.0,1.25,1
21130145,1075000.0,85718,-110.951181,32.344265,3.02,13368,2006,4,4,4614.0,3.0,2,159.0,1,0,0,1,232.9865626354573,268750.0,1.0,1
21414120,945000.0,85718,-110.952625,32.345713,3.02,12327,2006,4,4,4614.0,3.0,2,153.0,1,0,0,1,204.81144343302992,236250.0,1.0,0
21900957,825000.0,85658,-111.052329,32.479253,2.42,16439,2003,5,4,4618.0,3.0,2,148.0,0,1,1,0,178.64876569943698,165000.0,0.8,0
21425220,920000.0,85658,-111.050768,32.480412,2.42,18610,2003,5,4,4618.0,3.0,2,143.0,0,1,0,1,199.2204417496752,184000.0,0.8,0
21303980,930000.0,85719,-110.940743,32.230184,0.3,3840,1936,4,4,4647.0,2.0,2,0.0,0,1,0,1,200.1291155584248,232500.0,1.0,0
21718555,1250000.0,85719,-110.940744,32.230185,0.3,5156,1936,4,4,4647.0,2.0,2,0.0,0,1,0,1,268.9907467183129,312500.0,1.0,1
4117018,775000.0,85646,-110.911751,31.591976,76.92,5159,2000,3,4,4800.0,6.0,5,425.0,0,1,1,0,161.45833333333334,258333.3333333333,1.3333333333333333,0
21625205,775000.0,85648,-110.911862,31.59202,76.92,5159,2000,3,4,4800.0,6.0,5,35.0,0,1,0,1,161.45833333333334,258333.3333333333,1.3333333333333333,0
21222026,1890000.0,85715,-110.859528,32.262883,1.17,8437,1968,4,5,4801.0,3.0,2,79.0,0,1,0,1,393.6679858362841,472500.0,1.25,1
21722152,1323000.0,85715,-110.859527,32.262884,1.17,9405,1968,4,5,4801.0,3.0,2,48.0,0,1,1,0,275.5675900853989,330750.0,1.25,1
21416654,1350000.0,85715,-110.85954,32.262887,1.17,8506,1968,4,5,4801.0,3.0,2,48.0,0,1,0,1,281.19141845448866,337500.0,1.25,1
21513897,700000.0,85748,-110.745117,32.218041,3.5,6211,2008,5,4,4826.0,3.0,2,0.0,0,1,0,1,145.0476585163697,140000.0,0.8,0
21433405,688000.0,85748,-110.745104,32.218056,3.5,6173,2008,5,4,4826.0,3.0,2,0.0,0,1,0,1,142.5611272275176,137600.0,0.8,0
21728457,1412500.0,85749,-110.69408,32.243769,20.0,11063,1991,5,4,4914.0,5.0,3,21.0,0,1,0,1,287.44403744403746,282500.0,0.8,1
21502505,1325000.0,85749,-110.694079,32.243765,20.0,8892,1991,5,4,4914.0,5.0,3,19.0,0,1,0,1,269.6377696377696,265000.0,0.8,1
21131993,1335000.0,85750,-110.837258,32.316408,0.84,10846,2001,4,5,5239.0,3.0,3,117.0,1,0,0,1,254.81962206527965,333750.0,1.25,1
21831697,1500000.0,85750,-110.837233,32.316392,0.84,13503,2001,4,5,5239.0,3.0,3,142.0,1,0,0,1,286.31418209581983,375000.0,1.25,1
21101829,699000.0,85704,-110.966623,32.315976,1.28,854,2009,4,5,5290.0,4.0,3,0.0,1,0,0,1,132.13610586011342,174750.0,1.25,0
21828148,860000.0,85704,-110.966636,32.31597,1.28,12200,2009,4,5,5290.0,4.0,3,0.0,1,0,0,1,162.57088846880907,215000.0,1.25,0
21905469,1500000.0,85658,-111.036573,32.45575,4.15,23880,2009,3,4,5440.0,3.0,3,342.0,0,1,1,0,275.7352941176471,500000.0,1.3333333333333333,1
21412375,1650000.0,85658,-111.036562,32.455744,4.15,18658,2009,3,4,5440.0,3.0,3,250.0,0,1,0,1,303.30882352941177,550000.0,1.3333333333333333,1
21620337,1275000.0,85718,-110.923607,32.316522,1.08,13150,2002,5,5,5489.0,3.0,3,195.0,0,1,0,1,232.28274731280743,255000.0,1.0,1
21921894,1525000.0,85718,-110.923607,32.316525,1.08,12806,2002,5,5,5489.0,3.0,3,214.0,1,0,0,1,277.8283840408089,305000.0,1.0,1
21312607,998000.0,85750,-110.871721,32.326191,0.84,8052,1988,4,6,5513.0,3.0,3,25.0,1,0,0,1,181.02666424814075,249500.0,1.5,0
21606060,923000.0,85750,-110.871711,32.326181,0.84,9556,1988,4,6,5513.0,3.0,3,25.0,1,0,0,1,167.42245601306004,230750.0,1.5,0
21619899,525000.0,85743,-111.142166,32.367381,6.52,7714,1974,5,7,5745.0,6.0,3,0.0,0,1,0,1,91.38381201044386,105000.0,1.4,0
21725569,769000.0,85743,-111.141938,32.367171,6.52,8630,1974,5,7,5745.0,6.0,3,0.0,1,0,1,0,133.85552654482157,153800.0,1.4,0
21615519,1715000.0,85750,-110.864627,32.332365,1.02,15580,2003,5,6,6238.0,3.0,1,219.0,0,1,0,1,274.9278614940686,343000.0,1.2,1
21304774,1400000.0,85750,-110.864627,32.332366,1.02,12664,2003,5,6,6238.0,3.0,1,191.0,0,1,0,1,224.4309073420968,280000.0,1.2,1
21801268,2152700.0,85718,-110.885186,32.327916,1.55,16052,2009,5,7,6755.0,3.0,4,258.0,1,0,1,0,318.68245743893414,430540.0,1.4,1
21522589,2100000.0,85718,-110.885186,32.327907,1.55,15668,2009,5,7,6755.0,3.0,4,258.0,1,0,0,1,310.88082901554407,420000.0,1.4,1
21806714,1897000.0,85750,-110.84556,32.327725,1.32,21910,2002,4,7,6800.0,3.0,4,142.0,1,0,1,0,278.97058823529414,474250.0,1.75,1
21602043,1800000.0,85750,-110.84556,32.327714,1.32,20206,2002,4,7,6800.0,3.0,4,142.0,0,1,0,1,264.7058823529412,450000.0,1.75,1
21704772,1920000.0,85718,-110.910653,32.338271,1.27,24316,1997,5,6,7132.0,3.0,2,422.0,1,0,0,1,269.20919798093104,384000.0,1.2,1
21332804,2175000.0,85718,-110.910663,32.338282,1.27,21795,1997,5,6,7132.0,3.0,2,422.0,1,0,0,1,304.9635445877734,435000.0,1.2,1
21900716,1265000.0,85715,-110.856803,32.255586,1.84,13019,1973,7,9,7477.0,3.0,5,58.0,0,1,1,0,169.1855022067674,180714.2857142857,1.2857142857142858,0
21708035,967500.0,85715,-110.856813,32.255588,1.84,12574,1973,7,9,7477.0,3.0,5,48.0,0,1,1,0,129.39681690517588,138214.2857142857,1.2857142857142858,0
